name,gender,language,frequency
Marie,f,fr,205
Catherine,f,fr,105
Françoise,f,fr,97
Anne,f,fr,94
Jeanne,f,fr,79
Sophie,f,fr,76
Isabelle,f,fr,62
Louise,f,fr,59
Marguerite,f,fr,59
Hélène,f,fr,56
Jacqueline,f,fr,54
Dominique,f,fr,52
Claire,f,fr,48
Nathalie,f,fr,46
Élisabeth,f,fr,44
Suzanne,f,fr,44
Caroline,f,fr,43
Christine,f,fr,43
Madeleine,f,fr,40
Brigitte,f,fr,40
Geneviève,f,fr,40
Michèle,f,fr,38
Cécile,f,fr,35
Nicole,f,fr,34
Valérie,f,fr,33
Laurence,f,fr,33
Sylvie,f,fr,33
Florence,f,fr,32
Delphine,f,fr,31
Yvonne,f,fr,30
Virginie,f,fr,30
Sandrine,f,fr,29
Colette,f,fr,29
Charlotte,f,fr,29
Véronique,f,fr,29
Julie,f,fr,29
Camille,f,fr,28
Pauline,f,fr,27
Marion,f,fr,27
Pascale,f,fr,26
Martine,f,fr,26
Laure,f,fr,26
Alice,f,fr,25
Émilie,f,fr,25
Monique,f,fr,24
Audrey,f,fr,24
Chantal,f,fr,24
Emmanuelle,f,fr,23
Madame,f,fr,23
Béatrice,f,fr,23
Stéphanie,f,fr,23
Corinne,f,fr,21
Claude,f,fr,21
Renée,f,fr,21
Gabrielle,f,fr,20
Annie,f,fr,20
Eugénie,f,fr,19
Lucie,f,fr,19
Anne-Marie,f,fr,19
Simone,f,fr,19
Christiane,f,fr,19
Patricia,f,fr,19
Marcelle,f,fr,19
Agnès,f,fr,19
Claudine,f,fr,19
Germaine,f,fr,19
Mathilde,f,fr,18
Élodie,f,fr,18
Carole,f,fr,18
Henriette,f,fr,18
Marine,f,fr,18
Aurélie,f,fr,17
Andrée,f,fr,17
Laura,f,fr,17
Marthe,f,fr,17
Alexandra,f,fr,17
Sarah,f,fr,17
Mireille,f,fr,17
Jane,f,fr,16
Karine,f,fr,16
Céline,f,fr,16
Lucienne,f,fr,16
Mélanie,f,fr,15
Maria,f,fr,15
Thérèse,f,fr,15
Odette,f,fr,15
Denise,f,fr,15
Vanessa,f,fr,14
Danielle,f,fr,14
Évelyne,f,fr,13
Yvette,f,fr,13
Marie-Thérèse,f,fr,13
Ginette,f,fr,13
Fanny,f,fr,13
Amélie,f,fr,13
Annick,f,fr,13
Marie-Hélène,f,fr,12
Odile,f,fr,12
Marianne,f,fr,12
Fabienne,f,fr,12
Gisèle,f,fr,12
Anaïs,f,fr,12
Estelle,f,fr,11
Bernadette,f,fr,11
Marie-Anne,f,fr,11
Barbara,f,fr,11
Marie-Christine,f,fr,11
Angélique,f,fr,11
Léa,f,fr,11
Marie-Louise,f,fr,11
Amandine,f,fr,11
Danièle,f,fr,11
Marie-France,f,fr,11
Chloé,f,fr,11
Laetitia,f,fr,10
Judith,f,fr,10
Gaëlle,f,fr,10
Blanche,f,fr,10
Clémence,f,fr,10
Sabine,f,fr,10
Nelly,f,fr,10
Emma,f,fr,9
Valentine,f,fr,9
Anne-Sophie,f,fr,9
Sandra,f,fr,9
Micheline,f,fr,9
Raymonde,f,fr,9
Adrienne,f,fr,9
Diane,f,fr,9
Lola,f,fr,9
Antoinette,f,fr,9
Juliette,f,fr,9
Maud,f,fr,9
Joëlle,f,fr,9
Myriam,f,fr,9
Aurore,f,fr,9
Séverine,f,fr,9
Rose,f,fr,9
Laëtitia,f,fr,9
Muriel,f,fr,9
Manon,f,fr,9
Paule,f,fr,9
Janine,f,fr,9
Lise,f,fr,9
Nadine,f,fr,8
Mademoiselle,f,fr,8
Constance,f,fr,8
Géraldine,f,fr,8
Josette,f,fr,8
Maryse,f,fr,8
Adeline,f,fr,8
Joséphine,f,fr,8
La,f,fr,8
Arlette,f,fr,8
Mary,f,fr,8
Francine,f,fr,8
Julia,f,fr,8
Anna,f,fr,8
Marie-Laure,f,fr,8
Jocelyne,f,fr,8
Berthe,f,fr,8
Magali,f,fr,7
Aline,f,fr,7
Christelle,f,fr,7
Solange,f,fr,7
Georgette,f,fr,7
Adèle,f,fr,7
Élise,f,fr,7
Marie-Françoise,f,fr,7
Ingrid,f,fr,7
Marielle,f,fr,7
Alix,f,fr,7
Coralie,f,fr,7
Justine,f,fr,7
Olivia,f,fr,6
Jennifer,f,fr,6
Clotilde,f,fr,6
Blandine,f,fr,6
Irène,f,fr,6
Fernande,f,fr,6
Dorothée,f,fr,6
Marie-Madeleine,f,fr,6
Régine,f,fr,6
Sylvia,f,fr,6
Clémentine,f,fr,6
Marie-Pierre,f,fr,6
Annette,f,fr,6
Paulette,f,fr,6
France,f,fr,6
Frédérique,f,fr,6
Margaux,f,fr,6
Jenny,f,fr,5
Nina,f,fr,5
Aimée,f,fr,5
Gaby,f,fr,5
Édith,f,fr,5
Anouk,f,fr,5
Noémie,f,fr,5
Aude,f,fr,5
Victoire,f,fr,5
Jean,m,fr,1288
Pierre,m,fr,1146
Louis,m,fr,714
Jacques,m,fr,673
François,m,fr,660
Charles,m,fr,630
Henri,m,fr,589
Paul,m,fr,528
André,m,fr,497
Georges,m,fr,485
Michel,m,fr,484
Philippe,m,fr,413
Nicolas,m,fr,373
Claude,m,fr,370
Antoine,m,fr,365
René,m,fr,360
Joseph,m,fr,336
Maurice,m,fr,315
Robert,m,fr,295
Jean-Baptiste,m,fr,262
Bernard,m,fr,261
Émile,m,fr,260
Jules,m,fr,256
Alain,m,fr,243
Marcel,m,fr,222
Eugène,m,fr,215
Jean-Pierre,m,fr,214
Frédéric,m,fr,211
Alexandre,m,fr,205
Albert,m,fr,203
Guillaume,m,fr,201
Olivier,m,fr,200
Laurent,m,fr,191
Christophe,m,fr,191
Léon,m,fr,186
Édouard,m,fr,183
Marc,m,fr,175
Auguste,m,fr,175
Étienne,m,fr,173
Julien,m,fr,169
Roger,m,fr,161
Gérard,m,fr,160
Guy,m,fr,152
Jean-François,m,fr,151
Raymond,m,fr,150
Christian,m,fr,148
Patrick,m,fr,143
Yves,m,fr,143
Stéphane,m,fr,142
Vincent,m,fr,142
Pascal,m,fr,139
Sébastien,m,fr,139
Dominique,m,fr,139
Éric,m,fr,136
Daniel,m,fr,135
Thomas,m,fr,132
Thierry,m,fr,131
Jean-Claude,m,fr,130
Lucien,m,fr,130
Jean-Louis,m,fr,128
Gilles,m,fr,125
David,m,fr,117
Victor,m,fr,117
Alfred,m,fr,116
Gaston,m,fr,114
Gabriel,m,fr,107
Ernest,m,fr,103
Francis,m,fr,103
Emmanuel,m,fr,101
Félix,m,fr,100
Gustave,m,fr,100
Jean-Jacques,m,fr,98
Jean-Marie,m,fr,97
Edmond,m,fr,94
Bruno,m,fr,94
Xavier,m,fr,93
Romain,m,fr,91
Serge,m,fr,91
Didier,m,fr,91
Jean-Paul,m,fr,90
Henry,m,fr,89
Jérôme,m,fr,89
Armand,m,fr,87
Benoît,m,fr,86
Jean-Michel,m,fr,86
Adolphe,m,fr,84
Fernand,m,fr,83
Denis,m,fr,77
Adrien,m,fr,76
Mathieu,m,fr,76
Franck,m,fr,75
Arnaud,m,fr,74
William,m,fr,73
Alphonse,m,fr,73
Richard,m,fr,70
Benjamin,m,fr,66
Hervé,m,fr,65
Camille,m,fr,65
Maxime,m,fr,64
Alexis,m,fr,63
Bertrand,m,fr,62
Clément,m,fr,61
Roland,m,fr,60
Augustin,m,fr,59
Jean-Luc,m,fr,58
Gilbert,m,fr,55
Jean-Marc,m,fr,55
Arthur,m,fr,55
Château,m,fr,55
Anthony,m,fr,52
Patrice,m,fr,51
John,m,fr,50
Hubert,m,fr,50
Hippolyte,m,fr,50
Ferdinand,m,fr,49
Raoul,m,fr,48
Cyril,m,fr,48
Simon,m,fr,46
Sylvain,m,fr,46
Cédric,m,fr,46
Fabien,m,fr,46
Martin,m,fr,44
Lionel,m,fr,44
Max,m,fr,43
Achille,m,fr,43
Fabrice,m,fr,42
Luc,m,fr,42
Raphaël,m,fr,40
Théodore,m,fr,40
Matthieu,m,fr,40
Yann,m,fr,40
Jérémy,m,fr,39
Damien,m,fr,39
Yannick,m,fr,36
Jean-Yves,m,fr,35
Ludovic,m,fr,35
Samuel,m,fr,35
Grégory,m,fr,34
Joël,m,fr,33
Florian,m,fr,33
Jean-Christophe,m,fr,33
Florent,m,fr,33
Noël,m,fr,33
Jean-Charles,m,fr,33
Amédée,m,fr,32
Jonathan,m,fr,32
Hugues,m,fr,31
Mickaël,m,fr,31
Loïc,m,fr,30
Rémi,m,fr,30
Jean-Joseph,m,fr,29
Abel,m,fr,29
Théophile,m,fr,28
Peter,m,fr,27
Kévin,m,fr,27
Régis,m,fr,27
Aimé,m,fr,26
Jean-Philippe,m,fr,26
Gaspard,m,fr,26
Renaud,m,fr,26
Marius,m,fr,25
Tony,m,fr,25
George,m,fr,25
Octave,m,fr,24
Quentin,m,fr,24
José,m,fr,24
Rémy,m,fr,23
Valentin,m,fr,23
Les,m,fr,22
Élie,m,fr,22
Martial,m,fr,21
Constant,m,fr,21
Léo,m,fr,20
Peire,m,fr,20
James,m,fr,20
Yoann,m,fr,20
Antonin,m,fr,20
Lucas,m,fr,19
Stanislas,m,fr,19
Prosper,m,fr,18
Anatole,m,fr,18
Hugo,m,fr,18
Barthélemy,m,fr,18
Germain,m,fr,18
Léopold,m,fr,18
Yvon,m,fr,17
Geoffrey,m,fr,17
Gaëtan,m,fr,17
Honoré,m,fr,17
Gaël,m,fr,17
Jordan,m,fr,17
Johann,m,fr,17
Philibert,m,fr,16
Johan,m,fr,16
Louis-François,m,fr,16
Tristan,m,fr,16
Jean-Antoine,m,fr,16
Pierre-François,m,fr,16
François-Xavier,m,fr,16
Boris,m,fr,16
Anna,f,de,95
Maria,f,de,75
Sabine,f,de,72
Claudia,f,de,70
Barbara,f,de,65
Elisabeth,f,de,64
Karin,f,de,64
Susanne,f,de,63
Eva,f,de,63
Petra,f,de,58
Monika,f,de,56
Andrea,f,de,55
Ursula,f,de,52
Gabriele,f,de,51
Katharina,f,de,49
Birgit,f,de,48
Julia,f,de,48
Charlotte,f,de,46
Franziska,f,de,44
Anja,f,de,43
Ulrike,f,de,42
Johanna,f,de,42
Ingrid,f,de,41
Jutta,f,de,41
Marie,f,de,41
Heike,f,de,40
Brigitte,f,de,39
Christine,f,de,39
Marianne,f,de,37
Helga,f,de,37
Katja,f,de,36
Gisela,f,de,35
Lisa,f,de,35
Christina,f,de,35
Ruth,f,de,35
Bettina,f,de,34
Kerstin,f,de,34
Christiane,f,de,34
Martina,f,de,33
Katrin,f,de,32
Angelika,f,de,32
Anne,f,de,31
Renate,f,de,31
Sophie,f,de,30
Luise,f,de,30
Sandra,f,de,29
Ute,f,de,28
Annette,f,de,28
Ilse,f,de,28
Margarete,f,de,27
Erika,f,de,27
Inge,f,de,26
Marion,f,de,25
Gertrud,f,de,25
Cornelia,f,de,25
Stefanie,f,de,25
Nina,f,de,25
Christa,f,de,25
Kathrin,f,de,25
Carola,f,de,25
Sonja,f,de,24
Caroline,f,de,24
Angela,f,de,24
Anke,f,de,24
Hilde,f,de,23
Dagmar,f,de,23
Silke,f,de,23
Dorothea,f,de,22
Daniela,f,de,21
Simone,f,de,21
Beate,f,de,21
Elke,f,de,20
Alexandra,f,de,20
Manuela,f,de,20
Antje,f,de,20
Doris,f,de,20
Gudrun,f,de,19
Margot,f,de,19
Erna,f,de,19
Nadine,f,de,19
Lena,f,de,19
Yvonne,f,de,18
Rita,f,de,18
Hedwig,f,de,18
Nicole,f,de,18
Ellen,f,de,18
Bärbel,f,de,18
Heidi,f,de,18
Edith,f,de,18
Jana,f,de,18
Clara,f,de,18
Judith,f,de,17
Annemarie,f,de,17
Hannelore,f,de,17
Jennifer,f,de,17
Tanja,f,de,17
Helene,f,de,17
Countess,f,de,17
Friederike,f,de,17
Laura,f,de,17
Käthe,f,de,17
Tina,f,de,16
Henriette,f,de,16
Annika,f,de,16
Sylvia,f,de,16
Stephanie,f,de,16
Else,f,de,16
Silvia,f,de,15
Hildegard,f,de,15
Christel,f,de,15
Regina,f,de,15
Louise,f,de,15
Carolin,f,de,15
Melanie,f,de,14
Maren,f,de,14
Sarah,f,de,14
Britta,f,de,14
Vera,f,de,14
Lotte,f,de,14
Michaela,f,de,14
Kirsten,f,de,13
Rosemarie,f,de,13
Ingeborg,f,de,13
Astrid,f,de,13
Paula,f,de,13
Tatjana,f,de,13
Iris,f,de,13
Vanessa,f,de,13
Miriam,f,de,13
Mathilde,f,de,13
Agnes,f,de,13
Margit,f,de,12
Lina,f,de,12
Ida,f,de,12
Anni,f,de,12
Juliane,f,de,12
Evelyn,f,de,12
Sibylle,f,de,12
Anneliese,f,de,12
Veronika,f,de,12
Hanna,f,de,12
Irene,f,de,11
Verena,f,de,11
Esther,f,de,11
Anita,f,de,11
Duchess,f,de,11
Sigrid,f,de,11
Uta,f,de,11
Kristina,f,de,11
Jacqueline,f,de,11
Grete,f,de,10
Ulla,f,de,10
Herta,f,de,10
Emmy,f,de,10
Heide,f,de,10
Karoline,f,de,10
Rebecca,f,de,10
Marina,f,de,10
Irmgard,f,de,10
Nadja,f,de,10
Jenny,f,de,10
Dorothee,f,de,10
Waltraud,f,de,10
Kristin,f,de,9
Ina,f,de,9
Hermine,f,de,9
Alice,f,de,9
Jessica,f,de,9
Fanny,f,de,9
Steffi,f,de,9
Sara,f,de,9
Grit,f,de,9
Linda,f,de,9
Corinna,f,de,9
Ines,f,de,9
Elsa,f,de,9
Therese,f,de,9
Svenja,f,de,9
Emma,f,de,9
Pauline,f,de,9
Magdalena,f,de,8
Leonie,f,de,8
Martha,f,de,8
Diana,f,de,8
Wilhelmine,f,de,8
Sybille,f,de,8
Karla,f,de,8
Elfriede,f,de,8
Annett,f,de,8
Denise,f,de,8
Sabina,f,de,8
Bianca,f,de,8
Amalie,f,de,8
Gerda,f,de,8
Constanze,f,de,8
Mandy,f,de,8
Dora,f,de,8
Gaby,f,de,8
Margret,f,de,8
Käte,f,de,8
Johann,m,de,986
Karl,m,de,838
Hans,m,de,829
Friedrich,m,de,672
Wilhelm,m,de,536
Heinrich,m,de,528
Georg,m,de,504
Hermann,m,de,490
Peter,m,de,477
Ernst,m,de,472
Michael,m,de,466
Franz,m,de,465
Otto,m,de,438
Christian,m,de,436
Carl,m,de,425
Paul,m,de,418
Wolfgang,m,de,400
Thomas,m,de,356
Walter,m,de,354
Johannes,m,de,335
Max,m,de,330
Ludwig,m,de,320
Fritz,m,de,315
Werner,m,de,313
Rudolf,m,de,308
Andreas,m,de,300
Martin,m,de,291
Klaus,m,de,272
August,m,de,266
Kurt,m,de,263
Heinz,m,de,260
Erich,m,de,241
Gerhard,m,de,240
Gustav,m,de,240
Robert,m,de,228
Richard,m,de,226
Jürgen,m,de,219
Alexander,m,de,219
Stefan,m,de,208
Adolf,m,de,205
Alfred,m,de,202
Herbert,m,de,198
Helmut,m,de,186
Frank,m,de,185
Bernhard,m,de,184
Christoph,m,de,183
Josef,m,de,180
Julius,m,de,179
Theodor,m,de,178
Albert,m,de,176
Horst,m,de,175
Matthias,m,de,174
Dieter,m,de,169
Manfred,m,de,165
Philipp,m,de,157
Daniel,m,de,154
Sebastian,m,de,153
Bernd,m,de,152
Ulrich,m,de,148
Joachim,m,de,148
Markus,m,de,142
Eduard,m,de,142
Uwe,m,de,141
Günter,m,de,135
Joseph,m,de,135
Anton,m,de,135
Ferdinand,m,de,131
Günther,m,de,126
Emil,m,de,120
Hugo,m,de,117
Siegfried,m,de,116
Rainer,m,de,115
Jörg,m,de,115
Florian,m,de,106
Tobias,m,de,103
Rolf,m,de,103
Ralf,m,de,101
Willi,m,de,100
Dirk,m,de,99
Jens,m,de,97
Oliver,m,de,96
Felix,m,de,95
Harald,m,de,94
Arthur,m,de,94
Jakob,m,de,94
Gerd,m,de,94
Maximilian,m,de,91
Jan,m,de,90
Erwin,m,de,87
Reinhard,m,de,87
Konrad,m,de,86
Eugen,m,de,85
Stephan,m,de,83
Lothar,m,de,82
Eberhard,m,de,80
Patrick,m,de,80
David,m,de,80
Oskar,m,de,79
Norbert,m,de,78
Willy,m,de,78
Bruno,m,de,75
Tim,m,de,72
Axel,m,de,72
Volker,m,de,70
Sven,m,de,70
Moritz,m,de,69
Marcel,m,de,69
Karl-Heinz,m,de,67
Roland,m,de,67
Gottfried,m,de,67
Walther,m,de,66
Jacob,m,de,65
Benjamin,m,de,63
Albrecht,m,de,62
Reinhold,m,de,62
Marco,m,de,61
Hans-Joachim,m,de,61
Steffen,m,de,58
Hans-Jürgen,m,de,56
Jochen,m,de,55
André,m,de,55
Hartmut,m,de,54
Arnold,m,de,53
René,m,de,51
Harry,m,de,50
Rüdiger,m,de,49
Marc,m,de,48
Fabian,m,de,48
Lars,m,de,47
Leopold,m,de,47
Torsten,m,de,47
Julian,m,de,46
Carsten,m,de,46
Olaf,m,de,46
Louis,m,de,46
Lutz,m,de,46
Holger,m,de,46
Udo,m,de,45
Henry,m,de,45
Kai,m,de,45
Clemens,m,de,44
Dietmar,m,de,44
Claus,m,de,43
Dietrich,m,de,43
Conrad,m,de,43
Christopher,m,de,42
Marcus,m,de,42
Kevin,m,de,42
Nikolaus,m,de,41
Simon,m,de,41
Sascha,m,de,41
Heiko,m,de,41
Wolf,m,de,41
Thorsten,m,de,40
Leo,m,de,39
Dennis,m,de,39
Detlef,m,de,39
Ingo,m,de,39
Hubert,m,de,38
Edmund,m,de,37
Henning,m,de,37
Manuel,m,de,37
Adolph,m,de,36
Helmuth,m,de,36
Dominik,m,de,35
Armin,m,de,35
Björn,m,de,34
Erhard,m,de,34
George,m,de,34
Wolfram,m,de,33
Edgar,m,de,33
Tom,m,de,33
Mark,m,de,33
Egon,m,de,32
Hanns,m,de,32
Nico,m,de,32
Adam,m,de,32
Karsten,m,de,32
Rudi,m,de,32
Jonas,m,de,32
Lukas,m,de,32
Wilfried,m,de,31
John,m,de,31
Mathias,m,de,30
Theo,m,de,30
Arno,m,de,30
Timo,m,de,29
Alois,m,de,29
Lorenz,m,de,29
Mario,m,de,29
Curt,m,de,29
Gregor,m,de,28
Waldemar,m,de,28
Leonhard,m,de,28
Justus,m,de,28
Winfried,m,de,27
Berthold,m,de,27
Caspar,m,de,27
Nils,m,de,27
Ewald,m,de,26
Mary,f,en,356
Susan,f,en,177
Elizabeth,f,en,176
Barbara,f,en,162
Sarah,f,en,132
Helen,f,en,118
Nancy,f,en,115
Margaret,f,en,113
Jennifer,f,en,106
Karen,f,en,98
Lisa,f,en,96
Amy,f,en,95
Ruth,f,en,93
Ann,f,en,90
Laura,f,en,89
Jane,f,en,87
Anne,f,en,85
Linda,f,en,82
Carol,f,en,82
Patricia,f,en,80
Alice,f,en,80
Emily,f,en,78
Anna,f,en,78
Julie,f,en,76
Deborah,f,en,71
Ellen,f,en,68
Rebecca,f,en,67
Joan,f,en,66
Jean,f,en,66
Janet,f,en,62
Catherine,f,en,61
Betty,f,en,59
Dorothy,f,en,59
Judith,f,en,58
Kathleen,f,en,56
Cynthia,f,en,56
Sharon,f,en,56
Christine,f,en,56
Rachel,f,en,55
Kim,f,en,55
Julia,f,en,53
Carolyn,f,en,53
Katherine,f,en,52
Jessica,f,en,51
Leslie,f,en,51
Kate,f,en,51
Martha,f,en,51
Michelle,f,en,50
Diane,f,en,50
Stephanie,f,en,50
Heather,f,en,50
Melissa,f,en,49
Donna,f,en,49
Sara,f,en,49
Jill,f,en,49
Frances,f,en,47
Virginia,f,en,47
Lynn,f,en,46
Louise,f,en,46
The,f,en,46
Amanda,f,en,45
Pamela,f,en,45
Beth,f,en,43
Grace,f,en,42
Lauren,f,en,42
Sandra,f,en,42
Andrea,f,en,41
Judy,f,en,41
Marion,f,en,40
Robin,f,en,40
Sally,f,en,39
Erin,f,en,39
Elaine,f,en,39
Marilyn,f,en,39
Kelly,f,en,37
Lucy,f,en,37
Katie,f,en,37
Kay,f,en,36
Annie,f,en,35
Paula,f,en,35
Gail,f,en,34
Claire,f,en,34
Peggy,f,en,34
Caroline,f,en,34
Clara,f,en,33
Edith,f,en,33
Wendy,f,en,32
Charlotte,f,en,32
Maria,f,en,32
Jeanne,f,en,32
Doris,f,en,32
Joyce,f,en,32
Bonnie,f,en,31
Angela,f,en,31
Harriet,f,en,31
Gertrude,f,en,31
Gloria,f,en,31
Florence,f,en,31
Sheila,f,en,29
Tina,f,en,29
Esther,f,en,29
Lori,f,en,29
Kathy,f,en,29
Ashley,f,en,29
Lois,f,en,29
Eleanor,f,en,29
Suzanne,f,en,29
June,f,en,29
Victoria,f,en,28
Marie,f,en,28
Beverly,f,en,28
Nicole,f,en,28
Jenny,f,en,28
Carrie,f,en,28
Josephine,f,en,28
Megan,f,en,28
Emma,f,en,27
Lillian,f,en,27
Laurie,f,en,27
Shirley,f,en,27
Kristin,f,en,27
Cheryl,f,en,26
Danielle,f,en,26
Natalie,f,en,26
Nina,f,en,26
Diana,f,en,26
Dana,f,en,25
Marjorie,f,en,25
Liz,f,en,25
Molly,f,en,25
Jacqueline,f,en,25
Hannah,f,en,25
Kimberly,f,en,25
Debbie,f,en,25
Rose,f,en,25
Alexandra,f,en,24
Allison,f,en,24
Brenda,f,en,24
Jackie,f,en,24
Sylvia,f,en,24
Evelyn,f,en,24
Sue,f,en,24
Jamie,f,en,24
Tracy,f,en,23
Irene,f,en,23
Mildred,f,en,23
Cindy,f,en,23
Michele,f,en,22
Ethel,f,en,22
Katharine,f,en,22
Cathy,f,en,22
Erica,f,en,22
Kathryn,f,en,22
Maureen,f,en,22
Phyllis,f,en,22
Gina,f,en,22
Vivian,f,en,22
Alison,f,en,21
Jo,f,en,21
Valerie,f,en,21
Vanessa,f,en,21
Kristen,f,en,21
Vicki,f,en,20
Isabel,f,en,20
Sandy,f,en,20
Brooke,f,en,20
Courtney,f,en,19
Edna,f,en,19
Holly,f,en,19
Anita,f,en,19
Audrey,f,en,19
Lorraine,f,en,19
Claudia,f,en,18
Carole,f,en,18
Mabel,f,en,18
Rita,f,en,18
Pat,f,en,18
Christina,f,en,18
Gladys,f,en,18
Maggie,f,en,18
Joy,f,en,18
Eliza,f,en,18
Wanda,f,en,17
Naomi,f,en,17
Shannon,f,en,17
Carla,f,en,17
Janice,f,en,17
Lucille,f,en,17
Connie,f,en,17
Debra,f,en,17
Jan,f,en,17
Eileen,f,en,17
Constance,f,en,17
Terry,f,en,16
Dawn,f,en,16
Meg,f,en,16
Becky,f,en,16
Colleen,f,en,16
Tiffany,f,en,16
Olive,f,en,16
Alicia,f,en,16
Ida,f,en,16
Meredith,f,en,16
Adrienne,f,en,16
Lindsay,f,en,16
Erika,f,en,15
Thelma,f,en,15
Terri,f,en,15
Regina,f,en,15
Jessie,f,en,15
Georgia,f,en,15
Leah,f,en,15
Annette,f,en,15
Denise,f,en,15
Roberta,f,en,15
Jen,f,en,14
Dee,f,en,14
Ella,f,en,14
Rosemary,f,en,14
Taylor,f,en,14
Pam,f,en,14
Margo,f,en,14
Lydia,f,en,14
Crystal,f,en,14
Nellie,f,en,14
Gretchen,f,en,14
Eunice,f,en,14
Toni,f,en,13
Abby,f,en,13
Melanie,f,en,13
Maxine,f,en,13
Tanya,f,en,13
Arlene,f,en,13
Samantha,f,en,13
Marcia,f,en,13
Joanna,f,en,13
Hazel,f,en,12
Tara,f,en,12
Beatrice,f,en,12
Joanne,f,en,12
Melinda,f,en,12
Marguerite,f,en,12
Deb,f,en,12
Nan,f,en,12
Yvonne,f,en,12
Shelley,f,en,12
Amelia,f,en,12
Priscilla,f,en,12
Jennie,f,en,12
Patti,f,en,12
Ada,f,en,12
Teresa,f,en,12
Nora,f,en,12
Nikki,f,en,12
Eva,f,en,12
Heidi,f,en,11
Ruby,f,en,11
Fran,f,en,11
Pauline,f,en,11
Kristine,f,en,11
Katy,f,en,11
Lee,f,en,11
Geraldine,f,en,11
Tammy,f,en,11
Liza,f,en,11
Marianne,f,en,11
Alex,f,en,11
Chelsea,f,en,11
Olivia,f,en,11
Stacey,f,en,11
Lindsey,f,en,11
Betsy,f,en,11
Genevieve,f,en,11
Sherry,f,en,11
Theresa,f,en,11
Jillian,f,en,10
Juanita,f,en,10
Hilary,f,en,10
Monique,f,en,10
Lynne,f,en,10
Ali,f,en,10
Karin,f,en,10
Janis,f,en,10
Caitlin,f,en,10
Fannie,f,en,10
Iris,f,en,10
Robyn,f,en,10
Kelley,f,en,10
Charlene,f,en,10
Bessie,f,en,10
Monica,f,en,10
Brittany,f,en,10
Fanny,f,en,10
Faith,f,en,10
Abigail,f,en,10
Renee,f,en,10
Jeanette,f,en,10
Matilda,f,en,10
Veronica,f,en,10
Clare,f,en,10
Elisabeth,f,en,10
Morgan,f,en,10
May,f,en,10
Maya,f,en,10
Jordan,f,en,9
Angel,f,en,9
Penny,f,en,9
Angie,f,en,9
Hattie,f,en,9
Billie,f,en,9
Norma,f,en,9
Tamara,f,en,9
Belle,f,en,9
Katrina,f,en,9
Madeline,f,en,9
Viola,f,en,9
Cassandra,f,en,9
Corinne,f,en,9
Helene,f,en,9
Francine,f,en,9
Natasha,f,en,9
Sophia,f,en,9
Bertha,f,en,9
Kristina,f,en,9
Kelli,f,en,8
Phoebe,f,en,8
Mitzi,f,en,8
Stacy,f,en,8
Alma,f,en,8
Eve,f,en,8
Agnes,f,en,8
Bridget,f,en,8
Kara,f,en,8
Candy,f,en,8
Elena,f,en,8
Elise,f,en,8
Blanche,f,en,8
Candice,f,en,8
Jenna,f,en,8
Leigh,f,en,8
Patty,f,en,8
Susie,f,en,8
Jeannie,f,en,8
Adele,f,en,8
Kitty,f,en,8
Elinor,f,en,8
Laurel,f,en,8
Juliet,f,en,8
Miriam,f,en,8
Suzy,f,en,8
Louisa,f,en,8
Margot,f,en,8
Dolores,f,en,8
Polly,f,en,8
Alexa,f,en,8
Gayle,f,en,8
Felicia,f,en,8
Isabella,f,en,7
Teri,f,en,7
Chloe,f,en,7
Jana,f,en,7
Fay,f,en,7
Pearl,f,en,7
Ivy,f,en,7
Gwen,f,en,7
Lesley,f,en,7
Mimi,f,en,7
Marissa,f,en,7
Paige,f,en,7
Effie,f,en,7
Lola,f,en,7
Cristina,f,en,7
Penelope,f,en,7
Kris,f,en,7
Marian,f,en,7
Margie,f,en,7
Sasha,f,en,7
Gabrielle,f,en,7
Rosalie,f,en,7
Mattie,f,en,7
Amber,f,en,7
Sophie,f,en,7
Sydney,f,en,7
Celeste,f,en,7
April,f,en,7
Jody,f,en,7
Haley,f,en,7
Mara,f,en,7
Rhoda,f,en,7
Janelle,f,en,7
Tricia,f,en,6
Mae,f,en,6
Michaela,f,en,6
Sonia,f,en,6
Inez,f,en,6
Kaitlyn,f,en,6
Summer,f,en,6
Rhonda,f,en,6
Alexis,f,en,6
Dora,f,en,6
John,m,en,2597
William,m,en,1634
James,m,en,1330
Robert,m,en,1307
David,m,en,1144
Charles,m,en,998
George,m,en,976
Michael,m,en,804
Richard,m,en,730
Thomas,m,en,677
Paul,m,en,612
Joseph,m,en,578
Henry,m,en,521
Mike,m,en,494
Mark,m,en,493
Frank,m,en,485
Edward,m,en,464
Jim,m,en,464
Bill,m,en,452
Bob,m,en,405
Tom,m,en,401
Steve,m,en,386
Peter,m,en,368
Joe,m,en,366
Jack,m,en,355
Chris,m,en,348
Scott,m,en,329
Samuel,m,en,325
Daniel,m,en,315
Brian,m,en,294
Stephen,m,en,291
Andrew,m,en,280
Harry,m,en,278
Jeff,m,en,274
Kevin,m,en,266
Walter,m,en,262
Eric,m,en,261
Arthur,m,en,259
Dave,m,en,253
Matt,m,en,240
Don,m,en,238
Larry,m,en,237
Dan,m,en,235
Fred,m,en,232
Donald,m,en,215
Tim,m,en,211
Greg,m,en,208
Gary,m,en,199
Bruce,m,en,198
Jason,m,en,192
Tony,m,en,189
Ed,m,en,186
Ron,m,en,183
Ben,m,en,183
Jerry,m,en,182
Benjamin,m,en,180
Jonathan,m,en,179
Albert,m,en,178
Howard,m,en,176
Steven,m,en,175
Patrick,m,en,169
Ralph,m,en,167
Harold,m,en,167
Sam,m,en,164
Frederick,m,en,163
Ray,m,en,163
Anthony,m,en,162
Christopher,m,en,161
Ken,m,en,160
Ryan,m,en,159
Louis,m,en,157
Francis,m,en,155
Alan,m,en,154
Jay,m,en,153
The,m,en,150
Jon,m,en,150
Philip,m,en,150
Carl,m,en,149
Dennis,m,en,145
Kenneth,m,en,144
Roger,m,en,144
Martin,m,en,143
Jimmy,m,en,138
Matthew,m,en,136
Roy,m,en,136
Adam,m,en,135
Bobby,m,en,135
Dick,m,en,133
Billy,m,en,129
Rick,m,en,125
Sean,m,en,125
Joel,m,en,125
Nick,m,en,124
Keith,m,en,124
Doug,m,en,123
Aaron,m,en,122
Charlie,m,en,122
Lawrence,m,en,122
Justin,m,en,121
Craig,m,en,121
Johnny,m,en,119
Josh,m,en,117
Douglas,m,en,117
Chuck,m,en,115
Alexander,m,en,115
Edwin,m,en,113
Al,m,en,113
Alfred,m,en,112
Jeffrey,m,en,112
Alex,m,en,110
Phil,m,en,107
Lee,m,en,107
Jesse,m,en,106
Timothy,m,en,105
Todd,m,en,105
Tommy,m,en,102
Gordon,m,en,102
Raymond,m,en,102
Rob,m,en,100
Gene,m,en,100
Leonard,m,en,100
Brad,m,en,100
Ted,m,en,96
Eddie,m,en,95
Terry,m,en,95
Marc,m,en,95
Eugene,m,en,95
Andy,m,en,94
Barry,m,en,93
Nathan,m,en,91
Randy,m,en,91
Gerald,m,en,90
Herbert,m,en,90
Bernard,m,en,89
Hugh,m,en,88
Clarence,m,en,87
Ronald,m,en,86
Lewis,m,en,86
Earl,m,en,86
Stanley,m,en,85
Jacob,m,en,82
Warren,m,en,81
Jeremy,m,en,81
Danny,m,en,81
Will,m,en,80
Kyle,m,en,80
Wayne,m,en,80
Pete,m,en,79
Victor,m,en,78
Joshua,m,en,78
Theodore,m,en,77
Norman,m,en,77
Pat,m,en,76
Brandon,m,en,76
Ernest,m,en,75
Allen,m,en,75
Russell,m,en,74
Jake,m,en,73
Tyler,m,en,72
Max,m,en,71
Dean,m,en,70
Marcus,m,en,70
Gregory,m,en,69
Willie,m,en,68
Harvey,m,en,67
Isaac,m,en,65
Glenn,m,en,64
Nicholas,m,en,64
Bryan,m,en,63
Neil,m,en,63
Lloyd,m,en,62
Karl,m,en,60
Oscar,m,en,59
Leo,m,en,58
Jerome,m,en,58
Seth,m,en,58
Herman,m,en,58
Maurice,m,en,58
Nathaniel,m,en,58
Kenny,m,en,56
Art,m,en,55
Hal,m,en,55
Leon,m,en,55
Nate,m,en,55
Milton,m,en,55
Rich,m,en,53
Sidney,m,en,53
Austin,m,en,53
Chad,m,en,53
Derek,m,en,52
Edgar,m,en,52
Travis,m,en,51
Marvin,m,en,51
Franklin,m,en,51
Oliver,m,en,51
Edmund,m,en,50
Evan,m,en,49
Dale,m,en,49
Irving,m,en,49
Erik,m,en,49
Joey,m,en,49
Alvin,m,en,48
Jordan,m,en,47
Shawn,m,en,47
Marshall,m,en,47
Vincent,m,en,47
Brent,m,en,46
Guy,m,en,46
Buddy,m,en,46
Lou,m,en,44
Malcolm,m,en,43
Kurt,m,en,43
Brett,m,en,42
Nelson,m,en,42
Gilbert,m,en,42
Stuart,m,en,42
Kent,m,en,42
Casey,m,en,41
Calvin,m,en,41
Christian,m,en,41
Ross,m,en,40
Corey,m,en,40
Rod,m,en,40
Drew,m,en,40
Abraham,m,en,39
Ian,m,en,39
Cliff,m,en,39
Lester,m,en,39
Hank,m,en,38
Stan,m,en,38
Chester,m,en,38
Clyde,m,en,38
Allan,m,en,37
Jeremiah,m,en,37
Reggie,m,en,37
Luke,m,en,37
Troy,m,en,37
Horace,m,en,37
Melvin,m,en,37
Herb,m,en,37
Julius,m,en,37
Noah,m,en,37
Elmer,m,en,37
Simon,m,en,36
Curtis,m,en,36
Marty,m,en,36
Ronnie,m,en,36
Bud,m,en,36
Darrell,m,en,36
Zach,m,en,35
Julian,m,en,35
Floyd,m,en,35
Grant,m,en,35
Taylor,m,en,34
Willard,m,en,34
Claude,m,en,34
Carlos,m,en,34
Mel,m,en,33
Shane,m,en,33
Jared,m,en,33
Russ,m,en,32
Derrick,m,en,32
Arnold,m,en,32
Vince,m,en,32
Rodney,m,en,32
Vernon,m,en,31
Josiah,m,en,31
Garrett,m,en,31
Perry,m,en,31
Adrian,m,en,31
Andre,m,en,31
Jamie,m,en,31
Colin,m,en,31
Wes,m,en,31
Morris,m,en,30
Mickey,m,en,30
Ricky,m,en,30
Morgan,m,en,30
Clifford,m,en,30
Kelly,m,en,30
Amos,m,en,30
Phillip,m,en,30
Ira,m,en,30
Rex,m,en,30
Bradley,m,en,29
Byron,m,en,29
Ernie,m,en,29
Eli,m,en,29
Leslie,m,en,29
Rufus,m,en,29
Clark,m,en,28
Les,m,en,28
Laurence,m,en,28
Augustus,m,en,28
Bert,m,en,28
Cecil,m,en,28
Walt,m,en,28
Lance,m,en,27
Gregg,m,en,27
Forrest,m,en,27
Harrison,m,en,27
Luther,m,en,27
Moses,m,en,27
Glen,m,en,26
Kirk,m,en,26
Wallace,m,en,26
Dwight,m,en,26
Cornelius,m,en,26
Reuben,m,en,26
Ethan,m,en,26
Curt,m,en,26
Spencer,m,en,26
Homer,m,en,26
Randall,m,en,26
Clayton,m,en,26
Red,m,en,26
Trevor,m,en,26
Willis,m,en,26
Mitch,m,en,26
Frederic,m,en,26
Caleb,m,en,25
Neal,m,en,25
Gabriel,m,en,25
Ezra,m,en,25
Wesley,m,en,25
Sonny,m,en,25
Blake,m,en,25
Lynn,m,en,25
Big,m,en,24
Gerry,m,en,24
Darren,m,en,24
Miles,m,en,24
Tyrone,m,en,24
Hiram,m,en,24
Preston,m,en,24
Wally,m,en,24
Darryl,m,en,23
Antonio,m,en,23
Seymour,m,en,23
Otto,m,en,23
Lyman,m,en,23
Duane,m,en,23
Lyle,m,en,23
Nat,m,en,23
Roland,m,en,23
Cory,m,en,22
Carroll,m,en,22
Clinton,m,en,22
Geoffrey,m,en,22
Clay,m,en,22
Robbie,m,en,22
Cody,m,en,21
Sherman,m,en,21
Daryl,m,en,21
Dallas,m,en,21
Wilbur,m,en,21
Felix,m,en,21
Cyrus,m,en,21
Rusty,m,en,21
Brendan,m,en,21
Noel,m,en,20
Leroy,m,en,20
Mason,m,en,20
Jimmie,m,en,20
Norm,m,en,20
Morton,m,en,20
Everett,m,en,20
Otis,m,en,20
Silas,m,en,20
Elliot,m,en,20
Cameron,m,en,20
Bernie,m,en,20
Myron,m,en,20
Kris,m,en,20
Terrence,m,en,20
Robin,m,en,20
Loren,m,en,19
Damon,m,en,19
Ned,m,en,19
Bo,m,en,19
Dustin,m,en,19
Benny,m,en,19
Virgil,m,en,19
Wendell,m,en,19
Chip,m,en,19
Asa,m,en,19
Butch,m,en,19
Graham,m,en,19
Mario,m,en,19
Owen,m,en,19
Tex,m,en,19
Rudy,m,en,19
Sid,m,en,19
Archie,m,en,19
Ty,m,en,19
Vic,m,en,19
Leland,m,en,19
Elisha,m,en,19
Wade,m,en,19
Mitchell,m,en,19
Maria,f,gr,54
Eleni,f,gr,38
Anna,f,gr,25
Katerina,f,gr,17
Sofia,f,gr,14
Angeliki,f,gr,12
Evangelia,f,gr,12
Dimitra,f,gr,12
Vasiliki,f,gr,10
Anastasia,f,gr,10
Ioanna,f,gr,10
Georgia,f,gr,9
Sophia,f,gr,9
Christina,f,gr,9
Mary,f,gr,9
Olga,f,gr,8
Aikaterini,f,gr,8
Alexandra,f,gr,7
Athina,f,gr,7
Eirini,f,gr,7
Rena,f,gr,7
Niki,f,gr,6
Vicky,f,gr,6
Evi,f,gr,6
Tatiana,f,gr,6
Marianna,f,gr,6
Marika,f,gr,5
Stavroula,f,gr,5
Theodora,f,gr,5
Eleftheria,f,gr,5
Antigoni,f,gr,5
Elena,f,gr,5
Irini,f,gr,5
Margarita,f,gr,4
Areti,f,gr,4
Marina,f,gr,4
Eva,f,gr,4
Irene,f,gr,4
Paraskevi,f,gr,4
Elli,f,gr,4
Angela,f,gr,4
Ekaterini,f,gr,4
Elisavet,f,gr,3
Maro,f,gr,3
Afroditi,f,gr,3
Vassiliki,f,gr,3
Stella,f,gr,3
Fani,f,gr,3
Aliki,f,gr,3
Katia,f,gr,3
Charikleia,f,gr,3
Rita,f,gr,3
Fotini,f,gr,3
Elizabeth,f,gr,3
Styliani,f,gr,3
Alexia,f,gr,3
Zoe,f,gr,3
Voula,f,gr,3
Despina,f,gr,3
Betty,f,gr,3
Athanasia,f,gr,3
Lina,f,gr,3
Jenny,f,gr,3
Aggeliki,f,gr,3
Katina,f,gr,2
Panagiota,f,gr,2
Aleka,f,gr,2
Claudia,f,gr,2
Nancy,f,gr,2
Gianna,f,gr,2
Eftichia,f,gr,2
Vasso,f,gr,2
Virginia,f,gr,2
Aglaia,f,gr,2
Diamanto,f,gr,2
Georgios,m,gr,187
Ioannis,m,gr,143
Nikos,m,gr,135
Dimitrios,m,gr,132
Konstantinos,m,gr,125
Dimitris,m,gr,115
Kostas,m,gr,100
Christos,m,gr,98
Nikolaos,m,gr,92
Giorgos,m,gr,90
Panagiotis,m,gr,89
Andreas,m,gr,70
Giannis,m,gr,68
Alexandros,m,gr,67
George,m,gr,57
Michalis,m,gr,50
Ilias,m,gr,38
Theodoros,m,gr,37
Petros,m,gr,37
Athanasios,m,gr,37
Antonis,m,gr,36
Vassilis,m,gr,36
Anastasios,m,gr,31
Stefanos,m,gr,30
John,m,gr,30
Yannis,m,gr,29
Vangelis,m,gr,29
Vasilis,m,gr,28
Manolis,m,gr,28
Angelos,m,gr,27
Stavros,m,gr,26
Evangelos,m,gr,26
Spyros,m,gr,26
Leonidas,m,gr,25
Apostolos,m,gr,25
Michael,m,gr,24
Thanasis,m,gr,23
Spyridon,m,gr,23
Stelios,m,gr,23
Pavlos,m,gr,22
Antonios,m,gr,22
Takis,m,gr,20
Yiannis,m,gr,20
Lefteris,m,gr,18
Sotirios,m,gr,18
Kyriakos,m,gr,16
Thomas,m,gr,16
Alexis,m,gr,16
Dionysios,m,gr,15
Emmanouil,m,gr,15
Vasileios,m,gr,15
Panos,m,gr,14
Costas,m,gr,14
Nicholas,m,gr,13
Tasos,m,gr,13
Sotiris,m,gr,13
Constantine,m,gr,13
Aris,m,gr,13
Periklis,m,gr,12
Stylianos,m,gr,12
Marios,m,gr,12
Grigoris,m,gr,12
Eleftherios,m,gr,12
Pantelis,m,gr,11
Theodore,m,gr,11
Christoforos,m,gr,11
Elias,m,gr,11
Patriarch,m,gr,11
Alexander,m,gr,11
Alekos,m,gr,11
Vasilios,m,gr,11
Filippos,m,gr,10
Michail,m,gr,9
Tiberius,m,gr,9
Charalambos,m,gr,9
María,f,sp,178
Ana,f,sp,82
Marta,f,sp,51
Carmen,f,sp,44
Cristina,f,sp,43
Maria,f,sp,42
Laura,f,sp,36
Pilar,f,sp,35
Isabel,f,sp,33
Rosa,f,sp,31
Elena,f,sp,30
Teresa,f,sp,26
Beatriz,f,sp,26
Eva,f,sp,25
Sara,f,sp,25
Silvia,f,sp,24
Patricia,f,sp,22
Paula,f,sp,21
Nuria,f,sp,20
Esther,f,sp,20
Sonia,f,sp,18
Raquel,f,sp,18
Julia,f,sp,17
Anna,f,sp,17
Marina,f,sp,16
Mercedes,f,sp,16
Natalia,f,sp,15
Alicia,f,sp,15
Belén,f,sp,14
Luisa,f,sp,13
Lucía,f,sp,12
Andrea,f,sp,12
Lola,f,sp,12
Dolores,f,sp,12
La,f,sp,12
Mónica,f,sp,12
Irene,f,sp,11
Ángela,f,sp,11
Olga,f,sp,11
Susana,f,sp,11
Paloma,f,sp,11
Carolina,f,sp,11
Blanca,f,sp,11
Sandra,f,sp,11
Begoña,f,sp,11
Margarita,f,sp,10
Lourdes,f,sp,10
Amparo,f,sp,10
Bárbara,f,sp,10
Carme,f,sp,10
Inés,f,sp,10
Elisabeth,f,sp,9
Núria,f,sp,9
Victoria,f,sp,9
Montserrat,f,sp,9
Verónica,f,sp,9
Concha,f,sp,9
Rocío,f,sp,9
Alba,f,sp,9
Tania,f,sp,8
Elvira,f,sp,8
Matilde,f,sp,8
Rosario,f,sp,8
Miriam,f,sp,8
Clara,f,sp,8
Ainhoa,f,sp,8
Yolanda,f,sp,8
Francisca,f,sp,8
Antonia,f,sp,8
Gloria,f,sp,8
Amaia,f,sp,8
Josefa,f,sp,7
Fátima,f,sp,7
Diana,f,sp,7
Leticia,f,sp,7
Manuela,f,sp,7
Concepción,f,sp,7
Emma,f,sp,7
Conchita,f,sp,7
Juana,f,sp,7
Adriana,f,sp,7
Ángeles,f,sp,7
Virginia,f,sp,7
Inmaculada,f,sp,7
Lorena,f,sp,7
Almudena,f,sp,6
Mireia,f,sp,6
Soledad,f,sp,6
Amaya,f,sp,6
Claudia,f,sp,6
José,m,sp,859
Juan,m,sp,670
Francisco,m,sp,395
Antonio,m,sp,369
Manuel,m,sp,264
Pedro,m,sp,249
Luis,m,sp,245
Miguel,m,sp,202
Carlos,m,sp,202
Javier,m,sp,193
Fernando,m,sp,162
David,m,sp,161
Diego,m,sp,138
Rafael,m,sp,136
Jesús,m,sp,132
Pablo,m,sp,115
Alberto,m,sp,113
Vicente,m,sp,110
Jorge,m,sp,102
Enrique,m,sp,101
Joan,m,sp,96
Ramón,m,sp,96
Sergio,m,sp,94
Joaquín,m,sp,89
Josep,m,sp,88
Ángel,m,sp,87
Jordi,m,sp,87
Daniel,m,sp,82
Álvaro,m,sp,78
Ignacio,m,sp,75
Andrés,m,sp,75
Ricardo,m,sp,72
Eduardo,m,sp,67
Jaime,m,sp,66
Óscar,m,sp,62
Roberto,m,sp,60
Alfonso,m,sp,59
Víctor,m,sp,58
Gonzalo,m,sp,58
Julio,m,sp,58
Alejandro,m,sp,57
Iván,m,sp,54
Emilio,m,sp,53
Rubén,m,sp,53
Raúl,m,sp,51
Santiago,m,sp,50
Salvador,m,sp,48
Agustín,m,sp,45
Tomás,m,sp,43
Gabriel,m,sp,43
Albert,m,sp,42
Alonso,m,sp,41
Álex,m,sp,40
Félix,m,sp,38
Marc,m,sp,37
Mariano,m,sp,37
Mario,m,sp,37
Rodrigo,m,sp,36
Felipe,m,sp,36
Julián,m,sp,36
Guillermo,m,sp,35
Domingo,m,sp,35
Borja,m,sp,34
Pere,m,sp,34
Xavier,m,sp,34
Jaume,m,sp,33
Jon,m,sp,33
César,m,sp,32
Martín,m,sp,32
Paco,m,sp,32
Cristóbal,m,sp,31
Adrián,m,sp,30
Antoni,m,sp,29
Iñaki,m,sp,29
Eugenio,m,sp,28
Mikel,m,sp,26
Carles,m,sp,26
Bartolomé,m,sp,26
Javi,m,sp,26
Lorenzo,m,sp,25
Sebastián,m,sp,25
Isaac,m,sp,24
Dani,m,sp,24
Federico,m,sp,23
Ramon,m,sp,23
Marcos,m,sp,23
Francesc,m,sp,23
Enric,m,sp,23
Gaspar,m,sp,23
Nicolás,m,sp,22
Li,f,cz,193
Wang,f,cz,190
Zhang,f,cz,176
Liu,f,cz,130
Chen,f,cz,117
Yang,f,cz,65
Xu,f,cz,62
Wu,f,cz,58
Sun,f,cz,56
Zhou,f,cz,55
Zhao,f,cz,54
Huang,f,cz,54
Yu,f,cz,38
Ma,f,cz,37
Zhu,f,cz,36
Gao,f,cz,35
Jiang,f,cz,31
Guo,f,cz,29
Tang,f,cz,28
Zheng,f,cz,27
Song,f,cz,27
Lin,f,cz,26
He,f,cz,26
Lu,f,cz,23
Xiao,f,cz,22
Liang,f,cz,20
Hu,f,cz,20
Consort,f,cz,20
Wei,f,cz,19
Dowager,f,cz,19
Han,f,cz,19
Shen,f,cz,19
Jin,f,cz,19
Cao,f,cz,18
Luo,f,cz,18
Xie,f,cz,17
Yan,f,cz,17
Dong,f,cz,17
Deng,f,cz,17
Tan,f,cz,17
Bai,f,cz,17
Gu,f,cz,17
Ren,f,cz,16
Yin,f,cz,16
Shi,f,cz,15
Fu,f,cz,15
Cheng,f,cz,15
Su,f,cz,14
Yuan,f,cz,14
Ye,f,cz,14
Cai,f,cz,14
Yao,f,cz,13
Ding,f,cz,13
Lü,f,cz,13
Qiu,f,cz,13
Pan,f,cz,12
Tian,f,cz,12
Fan,f,cz,12
Zhong,f,cz,12
Zeng,f,cz,11
Meng,f,cz,11
Cui,f,cz,11
Peng,f,cz,11
Qin,f,cz,11
Dai,f,cz,11
Guan,f,cz,11
Fang,f,cz,10
Qi,f,cz,10
Hou,f,cz,10
Feng,f,cz,9
Ji,f,cz,9
Xue,f,cz,9
Gong,f,cz,8
Tao,f,cz,7
Xia,f,cz,7
Wen,f,cz,7
Jia,f,cz,7
Du,f,cz,7
Lei,f,cz,7
Qiao,f,cz,7
Hao,f,cz,6
Qian,f,cz,6
Sui,f,cz,6
Imperial,f,cz,6
Mao,f,cz,6
Lou,f,cz,6
Ni,f,cz,6
Jing,f,cz,6
Hong,f,cz,6
Bao,f,cz,6
Wang,m,cz,521
Li,m,cz,512
Zhang,m,cz,452
Liu,m,cz,338
Chen,m,cz,266
Yang,m,cz,201
Xu,m,cz,163
Wu,m,cz,155
Huang,m,cz,135
Ma,m,cz,130
Zhao,m,cz,125
Zhu,m,cz,123
Sun,m,cz,123
Zhou,m,cz,119
Jiang,m,cz,103
Yu,m,cz,102
Duke,m,cz,96
Lu,m,cz,89
Guo,m,cz,88
Gao,m,cz,80
Hu,m,cz,79
He,m,cz,78
Han,m,cz,71
Shi,m,cz,67
Cao,m,cz,63
Zheng,m,cz,61
Yuan,m,cz,59
Feng,m,cz,56
Jin,m,cz,56
Shen,m,cz,52
Yan,m,cz,51
Wei,m,cz,50
Tang,m,cz,49
Xie,m,cz,48
Du,m,cz,48
Fu,m,cz,47
Lin,m,cz,46
Cheng,m,cz,46
Song,m,cz,45
Gu,m,cz,45
Liang,m,cz,45
Luo,m,cz,44
Xiao,m,cz,41
Cai,m,cz,41
Lü,m,cz,40
Dong,m,cz,40
Fan,m,cz,38
Deng,m,cz,37
Cui,m,cz,37
Tan,m,cz,36
Su,m,cz,35
Ye,m,cz,34
Pan,m,cz,34
Ding,m,cz,33
Qin,m,cz,33
Jia,m,cz,32
Ji,m,cz,31
Yao,m,cz,30
Qian,m,cz,29
Bai,m,cz,29
Wen,m,cz,28
Tian,m,cz,28
Dai,m,cz,27
Fang,m,cz,27
Mao,m,cz,27
Ren,m,cz,27
Zeng,m,cz,27
Peng,m,cz,26
Gong,m,cz,24
Xia,m,cz,24
Marquis,m,cz,24
Xue,m,cz,24
Meng,m,cz,24
Qiu,m,cz,23
Xiong,m,cz,23
Yin,m,cz,23
Qi,m,cz,22
Guan,m,cz,21
Sima,m,cz,20
Liao,m,cz,19
Tao,m,cz,19
Wan,m,cz,19
Pei,m,cz,19
Zou,m,cz,19
Hong,m,cz,18
Hao,m,cz,18
Tong,m,cz,17
Chu,m,cz,17
Shang,m,cz,16
Ge,m,cz,16
Olga,f,ru,215
Irina,f,ru,163
Elena,f,ru,159
Anna,f,ru,154
Svetlana,f,ru,132
Maria,f,ru,132
Natalia,f,ru,113
Ekaterina,f,ru,106
Yelena,f,ru,104
Tatyana,f,ru,92
Anastasia,f,ru,90
Marina,f,ru,89
Natalya,f,ru,84
Tatiana,f,ru,81
Yekaterina,f,ru,77
Nadezhda,f,ru,75
Vera,f,ru,73
Galina,f,ru,65
Nina,f,ru,65
Lyudmila,f,ru,54
Valentina,f,ru,53
Yuliya,f,ru,50
Alexandra,f,ru,49
Yulia,f,ru,45
Lyubov,f,ru,40
Larisa,f,ru,38
Daria,f,ru,35
Alla,f,ru,32
Mariya,f,ru,31
Aleksandra,f,ru,31
Tamara,f,ru,31
Oksana,f,ru,30
Ksenia,f,ru,29
Polina,f,ru,25
Julia,f,ru,24
Margarita,f,ru,23
Yevgeniya,f,ru,20
Inna,f,ru,19
Elizaveta,f,ru,19
Victoria,f,ru,19
Sofia,f,ru,19
Varvara,f,ru,18
Olesya,f,ru,18
Darya,f,ru,17
Valeria,f,ru,17
Kristina,f,ru,17
Antonina,f,ru,17
Anastasiya,f,ru,17
Grand,f,ru,17
Yana,f,ru,16
Alena,f,ru,15
Alina,f,ru,15
Viktoria,f,ru,15
Lydia,f,ru,13
Yelizaveta,f,ru,13
Nataliya,f,ru,13
Evgenia,f,ru,13
Viktoriya,f,ru,11
Liudmila,f,ru,11
Lidia,f,ru,11
Kseniya,f,ru,11
Ludmila,f,ru,11
Evgeniya,f,ru,11
Veronika,f,ru,11
Angelina,f,ru,11
Zinaida,f,ru,10
Lidiya,f,ru,10
Alisa,f,ru,10
Oxana,f,ru,9
Catherine,f,ru,9
Alevtina,f,ru,9
Diana,f,ru,9
Zoya,f,ru,8
Katya,f,ru,8
Sofya,f,ru,8
Xenia,f,ru,7
Raisa,f,ru,7
Albina,f,ru,7
Arina,f,ru,7
Elizabeth,f,ru,7
Katerina,f,ru,7
Eugenia,f,ru,6
Sophia,f,ru,6
Dina,f,ru,6
Kira,f,ru,6
Rosa,f,ru,6
Vasilisa,f,ru,6
Valeriya,f,ru,5
Maya,f,ru,5
Rimma,f,ru,5
Aleksandr,m,ru,965
Vladimir,m,ru,852
Sergei,m,ru,734
Alexander,m,ru,664
Mikhail,m,ru,582
Ivan,m,ru,463
Andrei,m,ru,458
Dmitri,m,ru,436
Igor,m,ru,409
Aleksei,m,ru,388
Sergey,m,ru,387
Nikolai,m,ru,382
Pavel,m,ru,352
Dmitry,m,ru,337
Viktor,m,ru,304
Nikolay,m,ru,287
Oleg,m,ru,282
Yuri,m,ru,267
Konstantin,m,ru,249
Boris,m,ru,246
Maksim,m,ru,246
Denis,m,ru,231
Yevgeni,m,ru,228
Andrey,m,ru,220
Anton,m,ru,212
Roman,m,ru,211
Ilya,m,ru,193
Nikita,m,ru,186
Vyacheslav,m,ru,175
Vasily,m,ru,167
Artyom,m,ru,163
Pyotr,m,ru,158
Alexey,m,ru,153
Vladislav,m,ru,152
Leonid,m,ru,149
Kirill,m,ru,143
Alexei,m,ru,133
Vadim,m,ru,131
Anatoly,m,ru,128
Ruslan,m,ru,126
Aleksey,m,ru,123
Stanislav,m,ru,115
Evgeny,m,ru,112
Yevgeny,m,ru,105
Maxim,m,ru,101
Lev,m,ru,100
Fyodor,m,ru,98
Valentin,m,ru,90
Valery,m,ru,89
Valeri,m,ru,88
Yury,m,ru,86
Eduard,m,ru,75
Artur,m,ru,74
Grigory,m,ru,72
Vitali,m,ru,71
Georgy,m,ru,64
Yegor,m,ru,63
Gennady,m,ru,61
Vasili,m,ru,60
Anatoli,m,ru,60
Georgi,m,ru,58
Victor,m,ru,54
Semyon,m,ru,54
Daniil,m,ru,52
Vitaly,m,ru,51
Stepan,m,ru,51
Timur,m,ru,45
David,m,ru,43
Albert,m,ru,42
Yakov,m,ru,40
Marat,m,ru,37
Artem,m,ru,36
Magomed,m,ru,36
Alan,m,ru,36
Peter,m,ru,34
Yuriy,m,ru,33
Grigori,m,ru,31
Yaroslav,m,ru,29
Gennadi,m,ru,29
Arkady,m,ru,27
Mark,m,ru,27
Fedor,m,ru,26
Vsevolod,m,ru,25
Alexandr,m,ru,25
Aslan,m,ru,25
Gleb,m,ru,23
Arsen,m,ru,22
Valeriy,m,ru,22
Petr,m,ru,21
German,m,ru,20
Fatima,f,ar,6
Amina,f,ar,5
Nadia,f,ar,5
Leila,f,ar,4
Amel,f,ar,4
Kahina,f,ar,3
Salima,f,ar,3
Fatiha,f,ar,3
Djamila,f,ar,3
Safia,f,ar,3
Souad,f,ar,3
Nouria,f,ar,3
Zahra,f,ar,3
Meriem,f,ar,3
Yasmine,f,ar,3
Kenza,f,ar,2
Amira,f,ar,2
Manel,f,ar,2
Hassiba,f,ar,2
Ahlam,f,ar,2
Yamina,f,ar,2
Nassima,f,ar,2
Samia,f,ar,2
Souhila,f,ar,2
Malika,f,ar,2
Zohra,f,ar,2
Mounia,f,ar,2
Camélia,f,ar,1
Berthe,f,ar,1
Rekia,f,ar,1
Zoulikha,f,ar,1
Sarah,f,ar,1
Zuhur,f,ar,1
Cheba,f,ar,1
Nacera,f,ar,1
Aicha,f,ar,1
Tin,f,ar,1
Nouara,f,ar,1
Louisette,f,ar,1
Sakina,f,ar,1
Nora,f,ar,1
Widad,f,ar,1
Nour,f,ar,1
Lamia,f,ar,1
Dalia,f,ar,1
Chanez,f,ar,1
Dalil,f,ar,1
Nawel,f,ar,1
Bahia,f,ar,1
Chettout,f,ar,1
Soria,f,ar,1
Louiza,f,ar,1
Narimène,f,ar,1
Rachida,f,ar,1
Habiba,f,ar,1
Katia,f,ar,1
Houria,f,ar,1
Feriel,f,ar,1
Samira,f,ar,1
Cheikha,f,ar,1
Tassadit,f,ar,1
Imène,f,ar,1
Sabria,f,ar,1
Nabila,f,ar,1
Mouni,f,ar,1
Nawal,f,ar,1
Wissem,f,ar,1
Sarra,f,ar,1
Latifa,f,ar,1
Silya,f,ar,1
Louadjeda,f,ar,1
Bariza,f,ar,1
Horiya,f,ar,1
Lydia,f,ar,1
Yasmina,f,ar,1
Houda-Imane,f,ar,1
Lila,f,ar,1
Lilya,f,ar,1
Maïssa,f,ar,1
Nahida,f,ar,1
Redouani,f,ar,1
Naima,f,ar,1
Lynda,f,ar,1
Hadia,f,ar,1
Sihem,f,ar,1
Wassila,f,ar,1
Ratiba,f,ar,1
Nadira,f,ar,1
Bekhta,f,ar,1
Farida,f,ar,1
Ferial,f,ar,1
Fatma,f,ar,1
Rima,f,ar,1
Bouchra,f,ar,1
Ryma,f,ar,1
Chahla,f,ar,1
Sonia,f,ar,1
Rayhana,f,ar,1
Lalla,f,ar,1
Sehryne,f,ar,1
Nihad,f,ar,1
Malek,f,ar,1
Fadhila,f,ar,1
Nesrine,f,ar,1
Nassira,f,ar,1
Marie,f,ar,1
Zaidi,f,ar,1
Soraya,f,ar,1
Baya,f,ar,1
Dallal,f,ar,1
Faïza,f,ar,1
Barkahoum,f,ar,1
Samta,f,ar,1
Chaba,f,ar,1
Louisa,f,ar,1
Laldja,f,ar,1
Sara,f,ar,1
Inès,f,ar,1
Fatima-Zohra,f,ar,1
Mimi,f,ar,1
Mohamed,m,ar,112
Ali,m,ar,22
Ahmed,m,ar,21
Mustapha,m,ar,15
Abderrahmane,m,ar,14
Abdelkader,m,ar,14
Samir,m,ar,14
Kamel,m,ar,13
Hamza,m,ar,13
Rachid,m,ar,13
Nabil,m,ar,12
Karim,m,ar,11
Mourad,m,ar,11
Sid,m,ar,11
Djamel,m,ar,10
Azzedine,m,ar,10
Salim,m,ar,10
Sofiane,m,ar,10
Omar,m,ar,9
Farid,m,ar,9
Hocine,m,ar,9
Amine,m,ar,8
Amar,m,ar,8
Mehdi,m,ar,8
Cheb,m,ar,7
Mohammed,m,ar,7
Noureddine,m,ar,7
Nassim,m,ar,7
Larbi,m,ar,7
Hadj,m,ar,7
Abdelmalek,m,ar,7
Messaoud,m,ar,7
Youcef,m,ar,7
Rabah,m,ar,7
Hichem,m,ar,7
Tarek,m,ar,7
Salah,m,ar,7
El,m,ar,7
Abdelhamid,m,ar,6
Boualem,m,ar,6
Miloud,m,ar,6
Yacine,m,ar,6
Abdelhak,m,ar,6
Saïd,m,ar,6
Brahim,m,ar,6
Slimane,m,ar,5
Sidi,m,ar,5
Mokhtar,m,ar,5
Khaled,m,ar,5
Réda,m,ar,5
Reda,m,ar,5
Mounir,m,ar,5
Tayeb,m,ar,5
Cheikh,m,ar,4
Farès,m,ar,4
Raouf,m,ar,4
Adel,m,ar,4
Abdellah,m,ar,4
Belkacem,m,ar,4
Abdelaziz,m,ar,4
Hicham,m,ar,4
Walid,m,ar,4
Antar,m,ar,4
Tahar,m,ar,4
Abdelmadjid,m,ar,4
Hakim,m,ar,4
Malek,m,ar,4
Oussama,m,ar,4
Mouloud,m,ar,4
Ahmad,m,ar,4
Merouane,m,ar,4
Malik,m,ar,4
Ayoub,m,ar,3
Zakaria,m,ar,3
Yassine,m,ar,3
Houari,m,ar,3
Lyès,m,ar,3
Bachir,m,ar,3
Abu,m,ar,3
Ibrahim,m,ar,3
Abdel,m,ar,3
Mahfoud,m,ar,3
Yahia,m,ar,3
Abderahmane,m,ar,3
Billel,m,ar,3
Abdelghani,m,ar,2
Billal,m,ar,2
Lounès,m,ar,2
Lamine,m,ar,2
Abdelhafid,m,ar,2
Lounis,m,ar,2
Bilal,m,ar,2
Sebti,m,ar,2
Zinedine,m,ar,2
Benamar,m,ar,2
Abdenour,m,ar,2
Redouane,m,ar,2
Fahem,m,ar,2
Fodil,m,ar,2
Hassan,m,ar,2
Lakhdar,m,ar,2
Si,m,ar,2
Nacereddine,m,ar,2
Abdelhakim,m,ar,2
Fawzi,m,ar,2
Mahieddine,m,ar,2
Toufik,m,ar,2
Abdennour,m,ar,2
Mohand,m,ar,2
Saad,m,ar,2
Nadir,m,ar,2
Hacène,m,ar,2
Abderaouf,m,ar,2
Belaïd,m,ar,2
Hasan,m,ar,2
Abdelkrim,m,ar,2
Farouk,m,ar,2
Touhami,m,ar,2
Adem,m,ar,2
Laïd,m,ar,2
